<?xml version='1.0' encoding='utf-8' standalone='yes' ?>
<map>
    <long name="first_open_time" value="1757088789292" />
    <string name="gmp_app_id">1:367269008986:android:79b1ca5495411124</string>
    <string name="app_instance_id">b1454b09530758c54868d903c6d1ef9f</string>
    <long name="session_id" value="1757088791" />
    <boolean name="app_backgrounded" value="true" />
    <long name="health_monitor:start" value="1757088789458" />
    <boolean name="use_service" value="true" />
    <boolean name="deferred_analytics_collection" value="false" />
    <string name="previous_os_version">13</string>
    <boolean name="has_been_opened" value="true" />
    <boolean name="allow_remote_dynamite" value="true" />
    <long name="last_pause_time" value="1757088989992" />
    <boolean name="start_new_session" value="false" />
</map>
