{"Fid":"cQkLLSBrSzezzqywpRG1Mc","Status":3,"RefreshToken":"3_AS3qfwLpPuqeI9NXYs1AA-iRNNmXGjV_Yhye7coPoiT1Vm9eJtnqwm_tXtt3iZ3EWgnHfKCEN-YGJG0NbQnBuBeIeLQ69346iQMJOPDq1rJ-Ocw","AuthToken":"eyJhbGciOiJFUzI1NiIsInR5cCI6IkpXVCJ9.eyJhcHBJZCI6IjE6MzY3MjY5MDA4OTg2OmFuZHJvaWQ6NzliMWNhNTQ5NTQxMTEyNCIsImV4cCI6MTc1NjkxMTI1OCwiZmlkIjoiY1FrTExTQnJTemV6enF5d3BSRzFNYyIsInByb2plY3ROdW1iZXIiOjM2NzI2OTAwODk4Nn0.AB2LPV8wRgIhAJRJQW2o93vvCyGkb_w9m3uslNWkRx6R0uB7WvCywbmsAiEAp6hRXm5hht9rwtqXdKbMFGCfICigHs9TXBLa74TLu7U","TokenCreationEpochInSecs":1756306458,"ExpiresInSecs":604800}