{"Fid":"e1X7EenjR9KBaOOAsnJsD8","Status":3,"RefreshToken":"3_AS3qfwJh8ZJx8YVYvtKDEjCHRMcxXJ8DappTVfWA6324ps8sT30OZc9eMfZ7z9dFyfvIBQpvxH3IHYweiwgKLMT2YCaDDFEt29JR9ZCfii9o9so","AuthToken":"eyJhbGciOiJFUzI1NiIsInR5cCI6IkpXVCJ9.eyJhcHBJZCI6IjE6MzY3MjY5MDA4OTg2OmFuZHJvaWQ6NzliMWNhNTQ5NTQxMTEyNCIsImV4cCI6MTc2NzIwMjkzMywiZmlkIjoiZTFYN0VlbmpSOUtCYU9PQXNuSnNEOCIsInByb2plY3ROdW1iZXIiOjM2NzI2OTAwODk4Nn0.AB2LPV8wRQIgQJVW52Ms-z0JvBEcPRYJxBOaxJdsELkRTmYoKJRyhMsCIQDIbZXjfAwF5eVomsYTHFJht-xwtj6UjHLbUqutFDdUEg","TokenCreationEpochInSecs":1766598133,"ExpiresInSecs":604800}