{"Fid":"ee7AGuCZTIG4ag4F5LaYxI","Status":3,"RefreshToken":"3_AS3qfwL__QPd-Iwjfkl5Kkmn7ncfXd-12CMmTL33sCLlVtpUUJnlGlG1THl0PGFpZHh7k6nhH40H6IdcCpZ0uXfxo_A0vl5qecTSVXD-mkpccg","AuthToken":"eyJhbGciOiJFUzI1NiIsInR5cCI6IkpXVCJ9.eyJhcHBJZCI6IjE6MzY3MjY5MDA4OTg2OmFuZHJvaWQ6NzliMWNhNTQ5NTQxMTEyNCIsImV4cCI6MTc1ODc4ODgyNiwiZmlkIjoiZWU3QUd1Q1pUSUc0YWc0RjVMYVl4SSIsInByb2plY3ROdW1iZXIiOjM2NzI2OTAwODk4Nn0.AB2LPV8wRQIgBfMFz1GuvsvFUgLC2MOdihEX8S_JPmb6G5hOpcCkpU4CIQCR4eLRaHE8CHxnoT69Ux829Ytf4cyBnCsWJK1Yt9ghtg","TokenCreationEpochInSecs":1758184025,"ExpiresInSecs":604800}