{"app":{"report_upload_variant":2,"native_report_upload_variant":2,"update_required":false,"status":"activated"},"features":{"collect_anrs":true,"collect_reports":true,"push_enabled":false,"collect_metric_kit":false,"prompt_enabled":false,"collect_analytics":false,"collect_build_ids":true,"collect_logged_exceptions":true,"firebase_crashlytics_enabled":false},"expires_at":1756307197177,"fabric":{"org_id":"5c6ffff68b15dae00a001cdb","bundle_id":"com.crunchyroll.crunchyroid"},"on_demand_backoff_step_duration_seconds":60,"on_demand_upload_rate_per_minute":10,"cache_duration":175419,"settings_version":3,"app_quality":{"sampling_rate":1,"sessions_enabled":true,"session_timeout_seconds":1800},"on_demand_thread_recording_suspension_enabled":true,"on_demand_backoff_base":1.2}