{"Fid":"dLOLCGQERxmB79uylzsqTq","Status":3,"RefreshToken":"3_AS3qfwJRzPacHa2qWzQMtrl4aESVN7IzMqbUD0Fu_Y37YUI6RaY3kjSFUUTZsGo4ROdJTPLnflndwuJEL9QRXMrheSOQVvvmAdyj4_rDBAOSwA","AuthToken":"eyJhbGciOiJFUzI1NiIsInR5cCI6IkpXVCJ9.eyJhcHBJZCI6IjE6MzY3MjY5MDA4OTg2OmFuZHJvaWQ6NzliMWNhNTQ5NTQxMTEyNCIsImV4cCI6MTc1NzIzMjM4NiwiZmlkIjoiZExPTENHUUVSeG1CNzl1eWx6c3FUcSIsInByb2plY3ROdW1iZXIiOjM2NzI2OTAwODk4Nn0.AB2LPV8wRgIhAJP6WQttRW2Fs_BrsqVy0lkrnXbYutMVTU2jpRYQjx19AiEApKF88DcQstY7PeNlnOdobki9mvTo_l55f1RCBqARU-E","TokenCreationEpochInSecs":1756627586,"ExpiresInSecs":604800}