{"Fid":"cq7rHmYNSlu9y-gCmqK2gL","Status":3,"RefreshToken":"3_AS3qfwK1ndljCnhqmMGx4rjxRkEUslx-ovniAPFUxRIuEmzChYxTDk1w8_MnYs4MfM-kEt4U2RadGHMb0x7mg55DdroqXBiyN63p1CjRekmP1AA","AuthToken":"eyJhbGciOiJFUzI1NiIsInR5cCI6IkpXVCJ9.eyJhcHBJZCI6IjE6MzY3MjY5MDA4OTg2OmFuZHJvaWQ6NzliMWNhNTQ5NTQxMTEyNCIsImV4cCI6MTc1NzY5MzU5MSwiZmlkIjoiY3E3ckhtWU5TbHU5eS1nQ21xSzJnTCIsInByb2plY3ROdW1iZXIiOjM2NzI2OTAwODk4Nn0.AB2LPV8wRgIhALXy7VGs-zYsX277LyrC1GsMKSKR8yrFBTEQbgxqC50uAiEAhNIMY1jB1i6ESpqJ-g13DO-QVz171oYbN_JytRAW5-s","TokenCreationEpochInSecs":1757088790,"ExpiresInSecs":604800}