{"Fid":"fV-d-ya4ScmkCE8s85pnRK","Status":3,"RefreshToken":"3_AS3qfwIDamWzHsuX8JMD6R4HsJNOUucLfVAIf9qrzRCWeRrlyiEZq6uHjdRPfx-A1WJzHNLlWKRRZOTZbSuJB375iKTqDM9SolnomS_EUNboWo4","AuthToken":"eyJhbGciOiJFUzI1NiIsInR5cCI6IkpXVCJ9.eyJhcHBJZCI6IjE6MzY3MjY5MDA4OTg2OmFuZHJvaWQ6NzliMWNhNTQ5NTQxMTEyNCIsImV4cCI6MTc1NzA3OTMyMCwiZmlkIjoiZlYtZC15YTRTY21rQ0U4czg1cG5SSyIsInByb2plY3ROdW1iZXIiOjM2NzI2OTAwODk4Nn0.AB2LPV8wRgIhANqvqIBpYLT4ktlGNtRmTnajOXunx-lreXLfbZ81Zi-1AiEAqQqhTzg0o0rmK9xx7ojCDwQPP2Thk42vA84lpEPyFI0","TokenCreationEpochInSecs":1756474520,"ExpiresInSecs":604800}