{"Fid":"dbiFBXOXRzOt9shGr22FxB","Status":3,"RefreshToken":"3_AS3qfwI9XI6HbGq_LdW4s7Q8BOU5nm3YbvwFWo4rlpS_FAq0O3b1uVPiRmHTU5-fc6QFRwEUXhxsDULfL3sNZaqlX1i5w-KaVqFic4yEo7NXEzw","AuthToken":"eyJhbGciOiJFUzI1NiIsInR5cCI6IkpXVCJ9.eyJhcHBJZCI6IjE6MzY3MjY5MDA4OTg2OmFuZHJvaWQ6NzliMWNhNTQ5NTQxMTEyNCIsImV4cCI6MTc1NjkxMTAxNSwiZmlkIjoiZGJpRkJYT1hSek90OXNoR3IyMkZ4QiIsInByb2plY3ROdW1iZXIiOjM2NzI2OTAwODk4Nn0.AB2LPV8wRgIhANFYmxCZ0iG1zr_Yggaf-hkQygIdFZ7FT1o8dHkkDqfoAiEAmr6APFEU9mMIeM3_dBU3tmTBAF-l7Ns_AB1H4NEpKAA","TokenCreationEpochInSecs":1756306215,"ExpiresInSecs":604800}