{"Fid":"c4lVdIFASGStf3vToTnqOe","Status":3,"RefreshToken":"3_AS3qfwIrU9j3EEoxJEvp4sqRvU1LC0ykpp9HdYL_peL1Az_wiqs2ey02Nem6E9q6cCBiHN76RZE26bb7WU47q68WwhTydoJL-J7wUqzTlcNPGEQ","AuthToken":"eyJhbGciOiJFUzI1NiIsInR5cCI6IkpXVCJ9.eyJhcHBJZCI6IjE6MzY3MjY5MDA4OTg2OmFuZHJvaWQ6NzliMWNhNTQ5NTQxMTEyNCIsImV4cCI6MTc1ODc4ODU1MywiZmlkIjoiYzRsVmRJRkFTR1N0ZjN2VG9UbnFPZSIsInByb2plY3ROdW1iZXIiOjM2NzI2OTAwODk4Nn0.AB2LPV8wRQIgJGg7jCU-XDA3pE3a0kcs_2U8Ut3nhw9Urvn7L_j5_c8CIQC3OYxA6jDo5UiAG4k61i77x8mOEK_NcyIltIm_mxfnRA","TokenCreationEpochInSecs":1758183752,"ExpiresInSecs":604800}