{"Fid":"e_Ql__05QFGYTT0XlCA6fx","Status":3,"RefreshToken":"3_AS3qfwKNbg3IDWB93EP6XlF9NgjB2dGiWckn4Q4cTtODYN7JzCQjf00zxsnGE9NJTV7EWqytKmz89DuMjvlwl5KKeuVOiRHukoOYJXjWMutHVyo","AuthToken":"eyJhbGciOiJFUzI1NiIsInR5cCI6IkpXVCJ9.eyJhcHBJZCI6IjE6MzY3MjY5MDA4OTg2OmFuZHJvaWQ6NzliMWNhNTQ5NTQxMTEyNCIsImV4cCI6MTc2NzAzMTY5MywiZmlkIjoiZV9RbF9fMDVRRkdZVFQwWGxDQTZmeCIsInByb2plY3ROdW1iZXIiOjM2NzI2OTAwODk4Nn0.AB2LPV8wRAIgMY1bWUtkuSYn4wkWb6Nz4ro84pnGjeWFhyJYJOuj0ugCICsfZ_kh8ZK-pyyKmXC5crCb_zQc6ug8Sy0vPcB-HWu7","TokenCreationEpochInSecs":1766426892,"ExpiresInSecs":604800}