{"Fid":"dfFjySufR-SLXlDAzZNa2h","Status":3,"RefreshToken":"3_AS3qfwKNbngd5a7-D__FVcfK2lhwwAguhoo9E6IRFFCashW-Mu4_PWJtn0W-6wvntuKOhT2j_bke7ZWSjj5QtHCz_Op--SZC-8fvdQvltAGGiyw","AuthToken":"eyJhbGciOiJFUzI1NiIsInR5cCI6IkpXVCJ9.eyJhcHBJZCI6IjE6MzY3MjY5MDA4OTg2OmFuZHJvaWQ6NzliMWNhNTQ5NTQxMTEyNCIsImV4cCI6MTc1NzIzMTkyMiwiZmlkIjoiZGZGanlTdWZSLVNMWGxEQXpaTmEyaCIsInByb2plY3ROdW1iZXIiOjM2NzI2OTAwODk4Nn0.AB2LPV8wRQIhAKFKXoTnXnVYENBddV-d-Bm98h6gHPIGKgJZZ_xG3UQtAiAJOHvwzEB2DsyiVd-7iLRkRK1X1eBsibrTtIgKHptvwg","TokenCreationEpochInSecs":1756627122,"ExpiresInSecs":604800}