{"Fid":"daccyK4xQcmKqjG9sBv-f7","Status":3,"RefreshToken":"3_AS3qfwLc6PrUP5V8YSU3SGd7kvgWyTgecrzLitoAhIJkYsbBTA-1eYouhvh9OYY1fvQPHNORXK3ILyapSfPyhGz3RBc4Xpo__pXsa8U35tA9C58","AuthToken":"eyJhbGciOiJFUzI1NiIsInR5cCI6IkpXVCJ9.eyJhcHBJZCI6IjE6MzY3MjY5MDA4OTg2OmFuZHJvaWQ6NzliMWNhNTQ5NTQxMTEyNCIsImV4cCI6MTc1ODc4ODAzMSwiZmlkIjoiZGFjY3lLNHhRY21LcWpHOXNCdi1mNyIsInByb2plY3ROdW1iZXIiOjM2NzI2OTAwODk4Nn0.AB2LPV8wRQIhAOkm_coDLz9G1mkYTTU3lv-M8PGHAKfSxTnEiHB2UMmhAiB9AybCehpl6uOGaGPjXXRzc6VX2NC2mrDIDOIJwfhINw","TokenCreationEpochInSecs":1758183231,"ExpiresInSecs":604800}