{"Fid":"fvjzYy01SLKCtYnAyTLG6d","Status":3,"RefreshToken":"3_AS3qfwL91Bad52_gVKLdWrW-aoatIOpReOGnpmWTb-TeK5ZPTuWnXz9sik_1GjUFxdNJauq0eDf08wlAq3jSaO7k4g-vnLtnUZ4pbvLDBTeMAQ","AuthToken":"eyJhbGciOiJFUzI1NiIsInR5cCI6IkpXVCJ9.eyJhcHBJZCI6IjE6MzY3MjY5MDA4OTg2OmFuZHJvaWQ6NzliMWNhNTQ5NTQxMTEyNCIsImV4cCI6MTc1NjczNjU3NywiZmlkIjoiZnZqell5MDFTTEtDdFluQXlUTEc2ZCIsInByb2plY3ROdW1iZXIiOjM2NzI2OTAwODk4Nn0.AB2LPV8wRgIhAPIDyKtIcCO4d8Bgezs5Z3D_RJHoDkDXlAHf5JIq4Z2MAiEAlwMmrlZBZ5uUwdG0FYuK4LXWfyrDezPzaGT-Dh42OCM","TokenCreationEpochInSecs":1756131777,"ExpiresInSecs":604800}