{"Fid":"eDKvnKGcSZeK6tnUTVMOKf","Status":3,"RefreshToken":"3_AS3qfwLpRjVRHoyzIixmqO-YMu0AWh7VvRCRL_i0z2qoJIunUr0_9-TVlQyUh2Q9R4dv598-isGKQ27lHlsj1jgkBWjmBAeGzJtfdt-FS7j_AMk","AuthToken":"eyJhbGciOiJFUzI1NiIsInR5cCI6IkpXVCJ9.eyJhcHBJZCI6IjE6MzY3MjY5MDA4OTg2OmFuZHJvaWQ6NzliMWNhNTQ5NTQxMTEyNCIsImV4cCI6MTc1NzY5MzE4NiwiZmlkIjoiZURLdm5LR2NTWmVLNnRuVVRWTU9LZiIsInByb2plY3ROdW1iZXIiOjM2NzI2OTAwODk4Nn0.AB2LPV8wRgIhAKVQVWk-BQ_Pj9UE0fWfJdiwXTEMLssBe4a35M-dJcXRAiEAt8aDeK8V5bGWdKpDNqO6Nu1tTfOTb2alvAZu0huctcg","TokenCreationEpochInSecs":1757088385,"ExpiresInSecs":604800}