{"Fid":"cPoQepKDQEinVaMVTFwPAy","Status":3,"RefreshToken":"3_AS3qfwKHJ4-YYRnQVSI99Yxm2vv9pZFCk6QSzIRYfUEiiomdYlbkp5Ew8FPbczofC7dASUQ-TSNLiderk9kX7f8n-PfXn5xWby4p6yMNkdzZdPs","AuthToken":"eyJhbGciOiJFUzI1NiIsInR5cCI6IkpXVCJ9.eyJhcHBJZCI6IjE6MzY3MjY5MDA4OTg2OmFuZHJvaWQ6NzliMWNhNTQ5NTQxMTEyNCIsImV4cCI6MTc1NjkwNzc5MSwiZmlkIjoiY1BvUWVwS0RRRWluVmFNVlRGd1BBeSIsInByb2plY3ROdW1iZXIiOjM2NzI2OTAwODk4Nn0.AB2LPV8wRgIhAOu12EfFju9yjIgRItbgsLSFRTYATDu3S7WUfUH5qsB4AiEAtwLr385do6Iqc5wI0Afp2MklnL95NZfAwfNZOTiZ_24","TokenCreationEpochInSecs":1756302991,"ExpiresInSecs":604800}