<?xml version='1.0' encoding='utf-8' standalone='yes' ?>
<map>
    <long name="first_open_time" value="1757088384462" />
    <string name="gmp_app_id">1:367269008986:android:79b1ca5495411124</string>
    <string name="app_instance_id">df09ac789f1ed06442072305fc8ef9c5</string>
    <long name="session_id" value="1757088385" />
    <boolean name="app_backgrounded" value="true" />
    <long name="health_monitor:start" value="1757088384741" />
    <boolean name="use_service" value="true" />
    <boolean name="deferred_analytics_collection" value="false" />
    <string name="previous_os_version">13</string>
    <boolean name="has_been_opened" value="true" />
    <boolean name="allow_remote_dynamite" value="true" />
    <long name="last_pause_time" value="1757088435518" />
    <boolean name="start_new_session" value="false" />
</map>
