<?xml version='1.0' encoding='utf-8' standalone='yes' ?>
<map>
    <string name="feature_usage_package_name">com.crunchyroll.crunchyroid</string>
    <long name="feature_usage_timestamp_detected_feature_33" value="1756308081030" />
    <long name="feature_usage_timestamp_detected_feature_3" value="1756308080638" />
    <long name="feature_usage_timestamp_detected_feature_12" value="1756308080727" />
    <long name="feature_usage_last_report_time" value="1756308042860" />
    <long name="feature_usage_timestamp_detected_feature_15" value="1756308080730" />
    <string name="feature_usage_sdk_version">21.4.0</string>
    <long name="feature_usage_timestamp_reported_feature_5" value="1756308042854" />
    <long name="feature_usage_timestamp_detected_feature_18" value="1756308081030" />
</map>
