{"Fid":"fXPd_O2TQ8OyWXlRe2bx1S","Status":3,"RefreshToken":"3_AS3qfwKfTA2C5scvk2mCZSqtFPhjK7sTHFDDmBnvn5MHW8DCUS_drBCKx0DxHuLjrTHMLkGeEqQY9pRpwWyVdBJ9AWWqHozcLG0Veu79GNIDG3E","AuthToken":"eyJhbGciOiJFUzI1NiIsInR5cCI6IkpXVCJ9.eyJhcHBJZCI6IjE6MzY3MjY5MDA4OTg2OmFuZHJvaWQ6NzliMWNhNTQ5NTQxMTEyNCIsImV4cCI6MTc1NjczNjQyOCwiZmlkIjoiZlhQZF9PMlRROE95V1hsUmUyYngxUyIsInByb2plY3ROdW1iZXIiOjM2NzI2OTAwODk4Nn0.AB2LPV8wRAIgMGRICb7nJmpOI2Uld1xYCgW6GMDj0_lc_GZGVg2j6hMCIGEzXig1ggbeYYUvwfDc6VVLB_u3tCN5R4Y2PqYRLgij","TokenCreationEpochInSecs":1756131628,"ExpiresInSecs":604800}