<?xml version='1.0' encoding='utf-8' standalone='yes' ?>
<map>
    <set name="kotlin/2.0.21 android-min-sdk/26 android-installer/bin.mt.plus fire-cls/18.6.4 fire-analytics/21.3.0 fire-sessions/1.2.4 fire-cls-ndk/18.6.4 fire-core-ktx/20.4.2 fire-android/33 fire-core/20.4.2 device-model/OP4F11L1 fire-iid/20.1.6 fire-installations/17.2.0 android-platform/ fire-transport/18.1.8 device-name/CPH2223 device-brand/OPPO fire-fcm/20.1.6 android-target-sdk/35">
        <string>2025-12-24</string>
    </set>
    <long name="fire-count" value="1" />
    <string name="last-used-date">2025-12-24</string>
    <long name="fire-global" value="1766598132103" />
</map>
