{"Fid":"cStP1rYlTNSFUyJHUtD14a","Status":3,"RefreshToken":"3_AS3qfwJBr50pFJATZ-khSRz2KojhroizkojdCe3erzQLNKZh-1UR7zz8q73TZjlCTaDeGVmuyvrcNZxhskqsH5Hl1dLY8tn_-s_OdgYHtUzdyQ","AuthToken":"eyJhbGciOiJFUzI1NiIsInR5cCI6IkpXVCJ9.eyJhcHBJZCI6IjE6MzY3MjY5MDA4OTg2OmFuZHJvaWQ6NzliMWNhNTQ5NTQxMTEyNCIsImV4cCI6MTc1NjkwNzk5MiwiZmlkIjoiY1N0UDFyWWxUTlNGVXlKSFV0RDE0YSIsInByb2plY3ROdW1iZXIiOjM2NzI2OTAwODk4Nn0.AB2LPV8wRAIgVnx88TDAlmbBvJumP4Jz5N9SGgh0NZFSkYlhwGcZiYMCIGjGmUnOt-FP_6w-mV9eosRU3dQldHSRskNy7Y8s3KHy","TokenCreationEpochInSecs":1756303192,"ExpiresInSecs":604800}