{"Fid":"fIdMtxCMQhOS1kug7Iksql","Status":3,"RefreshToken":"3_AS3qfwK_0MeMjw2EZWqusSmN_ALXTmm7GX72faNad8nmSAAaNcLfOtjT44MgvNSxoLyJWdvD6Px02NY1ZdagAWtI0V-IvbH5wE4EdCIzd9UPX60","AuthToken":"eyJhbGciOiJFUzI1NiIsInR5cCI6IkpXVCJ9.eyJhcHBJZCI6IjE6MzY3MjY5MDA4OTg2OmFuZHJvaWQ6NzliMWNhNTQ5NTQxMTEyNCIsImV4cCI6MTc1NjkxMjgzOSwiZmlkIjoiZklkTXR4Q01RaE9TMWt1ZzdJa3NxbCIsInByb2plY3ROdW1iZXIiOjM2NzI2OTAwODk4Nn0.AB2LPV8wRAIgU8WxtzC-RJPrHZQQLjrCUJvMTZweTBQU-FCfS9zUgMcCIBVJIt-9M4CZ9615lMIt7mqKUA-84_k1g36O7_V_M8Fv","TokenCreationEpochInSecs":1756308040,"ExpiresInSecs":604800}